Order,Category,FileName,Format,OriginalPath,SizeBytes,SHA256
1,01-Lam-quen-Packet-Tracer,1.5.7 Packet Tracer - Network Representation.pka,PKA,S1_ITN v7 Packet Tracer Activity Source Files\1.5.7 Packet Tracer - Network Representation.pka,1260688,AF5E186BE8C96F45E2E5838B828D3BF7EF41F5379624901E56921E7DEBF7FF2C
1,01-Lam-quen-Packet-Tracer,1.5.7-packet-tracer---network-representation.pka,PKA,ccna-lap-s2\1.5.7-packet-tracer---network-representation.pka,1364018,BEF76C2F83DCE7F9479A38417E0D1B8E2605D80381BA652B380DC7A38C8F5F49
2,02-IOS-va-cau-hinh-thiet-bi-co-ban,1.4.7 Packet Tracer - Configure Router Interfaces.pka,PKA,S2_SRWE v7 Packet Tracer Activity Source Files\1.4.7 Packet Tracer - Configure Router Interfaces.pka,780693,52934D24E06EF6076EB0CDD3BE03F4142EDC93D5F93C7839AB15BB1582C91B69
2,02-IOS-va-cau-hinh-thiet-bi-co-ban,10.1.4 Packet Tracer - Configure Initial Router Settings.pka,PKA,S1_ITN v7 Packet Tracer Activity Source Files\10.1.4 Packet Tracer - Configure Initial Router Settings.pka,156737,69A43D1C248CB939CBE9067662F6BE46725F8017881337C09766F9A79865D881
2,02-IOS-va-cau-hinh-thiet-bi-co-ban,10.3.4 Packet Tracer - Connect a Router to a LAN.pka,PKA,S1_ITN v7 Packet Tracer Activity Source Files\10.3.4 Packet Tracer - Connect a Router to a LAN.pka,696400,F6BBADAB33AB1D594F6C3CD5600BBF5FE626D87FE77FC2339800C07B53727C24
2,02-IOS-va-cau-hinh-thiet-bi-co-ban,10.4.3 Packet Tracer - Basic Device Configuration.pka,PKA,S1_ITN v7 Packet Tracer Activity Source Files\10.4.3 Packet Tracer - Basic Device Configuration.pka,655816,07C2F90C2BC5D19E6AD2383483E70A2E1FF988A4075B35D342D1FD683A300957
2,02-IOS-va-cau-hinh-thiet-bi-co-ban,14.3.5 Packet Tracer - Basic Router Configuration Review.pka,PKA,S2_SRWE v7 Packet Tracer Activity Source Files\14.3.5 Packet Tracer - Basic Router Configuration Review.pka,545245,136251FB9A9CBC875BA81B71B1D1100EF512AB74F0E5139F7CFBAE996B751B50
2,02-IOS-va-cau-hinh-thiet-bi-co-ban,2.3.7 Packet Tracer - Navigate the IOS.pka,PKA,S1_ITN v7 Packet Tracer Activity Source Files\2.3.7 Packet Tracer - Navigate the IOS.pka,157182,9F4811628000FB0C3E0656C9FA942116C372245228DB7DC52BD2FF97D04DD710
2,02-IOS-va-cau-hinh-thiet-bi-co-ban,2.5.5 Packet Tracer - Configure Initial Switch Settings.pka,PKA,S1_ITN v7 Packet Tracer Activity Source Files\2.5.5 Packet Tracer - Configure Initial Switch Settings.pka,170716,74AED02C7C6884B0D15E13EE5425F9BBE79FBB9E2C3E094A44545EC236D68697
2,02-IOS-va-cau-hinh-thiet-bi-co-ban,2.9.1 Packet Tracer - Basic Switch and End Device Configuration.pka,PKA,S1_ITN v7 Packet Tracer Activity Source Files\2.9.1 Packet Tracer - Basic Switch and End Device Configuration.pka,194628,A5AA74BD7C8EA582F7F1973B2BAB0ECCB1EC0A5A5D511B533060A96C821DF264
3,03-Mo-hinh-mang-ARP-ICMP-TCP-UDP,14.8.1 Packet Tracer - TCP and UDP Communications.pka,PKA,S1_ITN v7 Packet Tracer Activity Source Files\14.8.1 Packet Tracer - TCP and UDP Communications.pka,663684,E09BE916A47AC8697DE2B94026CE297526EFE3926056E9930B9EE08D0F073AD2
3,03-Mo-hinh-mang-ARP-ICMP-TCP-UDP,3.5.5 Packet Tracer - Investigate the TCP-IP and OSI Models in Action.pka,PKA,S1_ITN v7 Packet Tracer Activity Source Files\3.5.5 Packet Tracer - Investigate the TCP-IP and OSI Models in Action.pka,613078,0E0F9EA3A0191372346AB206A4632DFD09F016F03446B97119E110E8018346F8
3,03-Mo-hinh-mang-ARP-ICMP-TCP-UDP,9.1.3 Packet Tracer - Identify MAC and IP Addresses.pka,PKA,S1_ITN v7 Packet Tracer Activity Source Files\9.1.3 Packet Tracer - Identify MAC and IP Addresses.pka,685905,9302E783D357E7F397F9521F6CA259537F6D0C671052AA977AF1DD7FB2B44F88
3,03-Mo-hinh-mang-ARP-ICMP-TCP-UDP,9.2.9 Packet Tracer - Examine the ARP Table.pka,PKA,S1_ITN v7 Packet Tracer Activity Source Files\9.2.9 Packet Tracer - Examine the ARP Table.pka,705427,72C86ABE0962D7B181D171BAFD5092BDFED0B42A4819A324B44B3CAE2BD758EE
3,03-Mo-hinh-mang-ARP-ICMP-TCP-UDP,9.3.4 Packet Tracer - IPv6 Neighbor Discovery.pka,PKA,S1_ITN v7 Packet Tracer Activity Source Files\9.3.4 Packet Tracer - IPv6 Neighbor Discovery.pka,622318,1CCEF7A786114AACAA442DFA46B93F5812D69EFB361E5037324B758EA5F16369
4,04-Ket-noi-vat-ly-va-connectivity,2.7.6 Packet Tracer - Implement Basic Connectivity.pka,PKA,S1_ITN v7 Packet Tracer Activity Source Files\2.7.6 Packet Tracer - Implement Basic Connectivity.pka,507955,7302AF289B8CAF3673197B03C7DF301BB0FB8984FD16FBEB5EA2D510FA012348
4,04-Ket-noi-vat-ly-va-connectivity,2.8.1 Video Activity - Test the Interface Assignment.pkt,PKT,S1_ITN v7 Packet Tracer Activity Source Files\2.8.1 Video Activity - Test the Interface Assignment.pkt,46486,73E70C080C3A499E2AF713AA0EA30963CD93265A4F704DCAC708A4B2E2080359
4,04-Ket-noi-vat-ly-va-connectivity,2.8.2 Video Activity - Test End-to-End Connectivity.pkt,PKT,S1_ITN v7 Packet Tracer Activity Source Files\2.8.2 Video Activity - Test End-to-End Connectivity.pkt,46449,CC2658DEC24210169109AA88EB625F94B97FA871C6FD0F451622C87BEA7D43A4
4,04-Ket-noi-vat-ly-va-connectivity,4.6.5 Packet Tracer - Connect a Wired and Wireless LAN.pka,PKA,S1_ITN v7 Packet Tracer Activity Source Files\4.6.5 Packet Tracer - Connect a Wired and Wireless LAN.pka,571185,CF7A3E03B29B921DA1CA4787DA78467A39573E0D36D13E81B15FA1B11901C999
4,04-Ket-noi-vat-ly-va-connectivity,4.7.1 Packet Tracer - Connect the Physical Layer.pka,PKA,S1_ITN v7 Packet Tracer Activity Source Files\4.7.1 Packet Tracer - Connect the Physical Layer.pka,521046,3836F9F7F22B069FAF3FB843B23B386E32964CB5A78D0556C768DF8C9946D644
5,05-Dia-chi-IP-Subnetting-VLSM,11.10.1 Packet Tracer - Design and Implement a VLSM Addressing Scheme.pka,PKA,S1_ITN v7 Packet Tracer Activity Source Files\11.10.1 Packet Tracer - Design and Implement a VLSM Addressing Scheme.pka,690942,199E81A137C084436D362AA1B5C77A444ED8F585E5939007DC8B5005130ABBAC
5,05-Dia-chi-IP-Subnetting-VLSM,11.5.5 Packet Tracer - Subnet an IPv4 Network.pka,PKA,S1_ITN v7 Packet Tracer Activity Source Files\11.5.5 Packet Tracer - Subnet an IPv4 Network.pka,282442,DABC3D58EC6407B0DEE75A56036D025CFEC2B92B5F9F8E50E368031E1E0E99BF
5,05-Dia-chi-IP-Subnetting-VLSM,11.7.5 Packet Tracer - Subnetting Scenario.pka,PKA,S1_ITN v7 Packet Tracer Activity Source Files\11.7.5 Packet Tracer - Subnetting Scenario.pka,689695,56F683AF0841190FAD09B877FFE89EDD7DBF73BD6B752D26FC50A37E25C87518
5,05-Dia-chi-IP-Subnetting-VLSM,11.9.3 Packet Tracer - VLSM Design and Implementation Practice.pka,PKA,S1_ITN v7 Packet Tracer Activity Source Files\11.9.3 Packet Tracer - VLSM Design and Implementation Practice.pka,327695,42A004A49D4109EFCBBCDBD51EEBD378023E6DB2E206F91869C6C5B127951A35
5,05-Dia-chi-IP-Subnetting-VLSM,12.6.6 Packet Tracer - Configure IPv6 Addressing.pka,PKA,S1_ITN v7 Packet Tracer Activity Source Files\12.6.6 Packet Tracer - Configure IPv6 Addressing.pka,757212,CF3E083E13F3D27959D2721D87F23FBEBE9D0830E02A108C9542FBD7C6382B48
5,05-Dia-chi-IP-Subnetting-VLSM,12.9.1 Packet Tracer - Implement a Subnetted IPv6 Addressing Scheme.pka,PKA,S1_ITN v7 Packet Tracer Activity Source Files\12.9.1 Packet Tracer - Implement a Subnetted IPv6 Addressing Scheme.pka,300729,0B4ECB9654B426BDEC951FD342FAF0B2BCD8577D02A24DBD40BC9446DE884087
5,05-Dia-chi-IP-Subnetting-VLSM,13.2.6 Packet Tracer - Verify IPv4 and IPv6 Addressing.pka,PKA,S1_ITN v7 Packet Tracer Activity Source Files\13.2.6 Packet Tracer - Verify IPv4 and IPv6 Addressing.pka,689278,86145AF09B1F91822FE34A22BC5A453A7EE8A4005E6C203D6A8A4BDEA1FAA816
6,06-VLAN-Trunk-DTP,3.1.4 Packet Tracer - Who Hears the Broadcast.pka,PKA,S2_SRWE v7 Packet Tracer Activity Source Files\3.1.4 Packet Tracer - Who Hears the Broadcast.pka,707719,E41E41CB1F7B7F135264AA26C678130CEB87BF863FA4867BCF21B2D91D7C8CDA
6,06-VLAN-Trunk-DTP,3.2.8 Packet Tracer - Investigate a VLAN Implementation.pka,PKA,S2_SRWE v7 Packet Tracer Activity Source Files\3.2.8 Packet Tracer - Investigate a VLAN Implementation.pka,659739,85D555948EC2DEE74F8224B4696EAD11AAF5047A0F7645F9D39179A9D713BBA1
6,06-VLAN-Trunk-DTP,3.3.12 Packet Tracer - VLAN Configuration.pka,PKA,S2_SRWE v7 Packet Tracer Activity Source Files\3.3.12 Packet Tracer - VLAN Configuration.pka,648824,0CECE2B81E82A0A3BA8294BDCAFEBC7B5547BA3E5E7465991721687BF6A3F7D0
6,06-VLAN-Trunk-DTP,3.4.5 Packet Tracer - Configure Trunks.pka,PKA,S2_SRWE v7 Packet Tracer Activity Source Files\3.4.5 Packet Tracer - Configure Trunks.pka,704768,C2BD01326542CC5B9074EB422AD40F0040C7730D5DCEF75C7AFB9D531CCA6C7D
6,06-VLAN-Trunk-DTP,3.5.5 Packet Tracer - Configure DTP.pka,PKA,S2_SRWE v7 Packet Tracer Activity Source Files\3.5.5 Packet Tracer - Configure DTP.pka,660221,FB2619216500C3DC13B8E491F295F05DB9E60E9C38B26C9100A15DDA6CCAE583
6,06-VLAN-Trunk-DTP,3.6.1 Packet Tracer - Implement VLANs and Trunking.pka,PKA,S2_SRWE v7 Packet Tracer Activity Source Files\3.6.1 Packet Tracer - Implement VLANs and Trunking.pka,653550,270184D2F716C6F47D2093E7E65232DEFA2A1D0A6AE33C3FACAF1164316937EF
7,07-STP-va-EtherChannel,5.1.9 Packet Tracer - Investigate STP Loop Prevention.pka,PKA,S2_SRWE v7 Packet Tracer Activity Source Files\5.1.9 Packet Tracer - Investigate STP Loop Prevention.pka,607324,4FB5AA548CD28445C1656C6C4AE420DDDEB860A5014DA3F967BDDF23CA7408CE
7,07-STP-va-EtherChannel,6.2.4 Packet Tracer - Configure EtherChannel.pka,PKA,S2_SRWE v7 Packet Tracer Activity Source Files\6.2.4 Packet Tracer - Configure EtherChannel.pka,610965,1BE067EFAE9C35F8D51FFC53876892F765E91101A6751E1FE0038D339C1A1FBB
7,07-STP-va-EtherChannel,6.3.4 Packet Tracer - Troubleshoot EtherChannel.pka,PKA,S2_SRWE v7 Packet Tracer Activity Source Files\6.3.4 Packet Tracer - Troubleshoot EtherChannel.pka,633303,A884F1228CAD08142EAB24976E567351A0C17B41D6167336774D1F35D3E1A303
7,07-STP-va-EtherChannel,6.4.1 Packet Tracer - Implement Etherchannel.pka,PKA,S2_SRWE v7 Packet Tracer Activity Source Files\6.4.1 Packet Tracer - Implement Etherchannel.pka,577617,7D1DF020CE691319D03A2AABAE90C4F31EB627DDCD15CDF9DE2F09BE301C1A62
8,08-Inter-VLAN-va-Layer-3-Switching,4.2.7 Packet Tracer - Configure Router-on-a-Stick Inter-VLAN Routing.pka,PKA,S2_SRWE v7 Packet Tracer Activity Source Files\4.2.7 Packet Tracer - Configure Router-on-a-Stick Inter-VLAN Routing.pka,598667,50790CA275BFFD3F4960503A7A58CAC83EC8DB729189C457E662C52E9073BA2E
8,08-Inter-VLAN-va-Layer-3-Switching,4.3.8 Packet Tracer - Configure Layer 3 Switching and Inter-VLAN Routing.pka,PKA,S2_SRWE v7 Packet Tracer Activity Source Files\4.3.8 Packet Tracer - Configure Layer 3 Switching and Inter-VLAN Routing.pka,690665,B53638A156F39BDFF42FBD69986CA8E2955A9B191B7F98E7C8BFDA280214DAE0
8,08-Inter-VLAN-va-Layer-3-Switching,4.4.8 Packet Tracer - Troubleshoot Inter-VLAN Routing.pka,PKA,S2_SRWE v7 Packet Tracer Activity Source Files\4.4.8 Packet Tracer - Troubleshoot Inter-VLAN Routing.pka,595834,8A726E7EF76DDF831DAA93BE1B359114C05A1D2A85C31C8A351DFF35904BBF76
8,08-Inter-VLAN-va-Layer-3-Switching,4.5.1 Packet Tracer - Inter-VLAN Routing Challenge.pka,PKA,S2_SRWE v7 Packet Tracer Activity Source Files\4.5.1 Packet Tracer - Inter-VLAN Routing Challenge.pka,689918,EC0F74E1F4600679FADBE95C914F076CDDAB155F683C98B787719263BA1792D6
9,09-FHRP-HSRP,9.3.3 Packet Tracer - HSRP Configuration Guide.pka,PKA,S2_SRWE v7 Packet Tracer Activity Source Files\9.3.3 Packet Tracer - HSRP Configuration Guide.pka,771131,C03753539EF5C397B1446807A4246B928F27C74B94120B25EFC31CCFEEF2D422
10,10-Static-va-Default-Routing,1.5.10 Packet Tracer - Verify Directly Connected Networks.pka,PKA,S2_SRWE v7 Packet Tracer Activity Source Files\1.5.10 Packet Tracer - Verify Directly Connected Networks.pka,781295,D8FACAC6CDE1155DF7A448D73B61BD0E96B0BEFED83695132DDA5F0DEAD4A29B
10,10-Static-va-Default-Routing,15.6.1 Packet Tracer - Configure IPv4 and IPv6 Static and Default Routes.pka,PKA,S2_SRWE v7 Packet Tracer Activity Source Files\15.6.1 Packet Tracer - Configure IPv4 and IPv6 Static and Default Routes.pka,607310,C0ED24B77C2C6617A46CA1648437DE52004F8E38BA9C83397467F3F8A169FD07
10,10-Static-va-Default-Routing,16.3.1 Packet Tracer - Troubleshoot Static and Default Routes.pka,PKA,S2_SRWE v7 Packet Tracer Activity Source Files\16.3.1 Packet Tracer - Troubleshoot Static and Default Routes.pka,502615,98AAAB48E6628BB11455170C05A88E5DE9A73C48975ECE972A8D733A96244743
11,11-OSPF,2.2.13 Packet Tracer - Point-to-Point Single-Area OSPFv2 Configuration.pka,PKA,ccna-lap-s2\2.2.13 Packet Tracer - Point-to-Point Single-Area OSPFv2 Configuration.pka,680785,49BBBD8F5E39D9F9B79FB2AD433B4D445D384D3C711EFD77027D1BA3DC286ECF
11,11-OSPF,2.3.11 Packet Tracer - Determine the DR and BDR.pka,PKA,ccna-lap-s2\2.3.11 Packet Tracer - Determine the DR and BDR.pka,589687,56B92910BD186EABCB123BA585F15764332AA22391726798DC21B4DD1D904090
11,11-OSPF,2.4.11 Packet Tracer - Modify Single-Area OSPFv2.pka,PKA,ccna-lap-s2\2.4.11 Packet Tracer - Modify Single-Area OSPFv2.pka,758091,C058CB4286215650C58B733D177F321E9EBAAD96492A498327D85660894AAA16
11,11-OSPF,2.5.3 Packet Tracer - Propagate a Default Route in OSPFv2.pka,PKA,ccna-lap-s2\2.5.3 Packet Tracer - Propagate a Default Route in OSPFv2.pka,755455,D778FE61BF7455ADFFACB6895F17B2805AA7BB1928EC67632CE6FDC8D4C40EF1
11,11-OSPF,2.6.6 Packet Tracer - Verify Single-Area OSPFv2.pka,PKA,ccna-lap-s2\2.6.6 Packet Tracer - Verify Single-Area OSPFv2.pka,693582,854D1DFD32FA4BC57CB766AE967E91C97A2B91B7C1B7BD91E6188401030E1348
11,11-OSPF,2.7.1 Packet Tracer - Single-Area OSPFv2 Configuration.pka,PKA,ccna-lap-s2\2.7.1 Packet Tracer - Single-Area OSPFv2 Configuration.pka,1023172,196646BCC6B143802318046BE07A3394AA71C1D33AF6187EF5EDAA251DC91992
11,11-OSPF,ospf_full.pkt,PKT,ccna-lap-s2\ospf_full.pkt,510758,69173200295CEB58F2552928BDF2658A1666E80ACB8B3AB89F676181AF6719E8
12,12-DHCP,7.2.10 Packet Tracer - Configure DHCPv4.pka,PKA,S2_SRWE v7 Packet Tracer Activity Source Files\7.2.10 Packet Tracer - Configure DHCPv4.pka,885936,441BC73425A7E54F6046B0E438204A9826C487A76C41AF1A46DFC7FB326927FF
12,12-DHCP,7.4.1 Packet Tracer - Implement DHCPv4.pka,PKA,S2_SRWE v7 Packet Tracer Activity Source Files\7.4.1 Packet Tracer - Implement DHCPv4.pka,885707,B02C7AA85B75C083049A86900B2F2D60BF8E903B80A8E82B1FD225A4D1669071
13,13-ACL,5.1.8 Packet Tracer - Configure Numbered Standard IPv4 ACLs.pka,PKA,ccna-lap-s2\5.1.8 Packet Tracer - Configure Numbered Standard IPv4 ACLs.pka,747519,9478AFD736A08CDF24F7BCFD986CA06DBF32231AF05AB8A248C128CB22F7A757
13,13-ACL,5.1.9 Packet Tracer - Configure Named Standard IPv4 ACLs.pka,PKA,ccna-lap-s2\5.1.9 Packet Tracer - Configure Named Standard IPv4 ACLs.pka,727948,3CDC5F2AEE5CDBB5B6A3F8715544D83B6360282CEABA13E5EA42053F90524A5C
13,13-ACL,5.2.7 Packet Tracer - Configure and Modify Standard IPv4 ACLs.pka,PKA,ccna-lap-s2\5.2.7 Packet Tracer - Configure and Modify Standard IPv4 ACLs.pka,751419,BFCCC2765B30E500182290FF738CE7DB916A6AFD00A98B105AC2B675BA3F3411
13,13-ACL,5.4.12 Packet Tracer - Configure Extended IPv4 ACLs - Scenario 1.pka,PKA,ccna-lap-s2\5.4.12 Packet Tracer - Configure Extended IPv4 ACLs - Scenario 1.pka,593102,7C73F594FA96C3FACEB76C6BB404EEF0EB6C28444B160D6F8356672610A8F718
13,13-ACL,5.4.13 Packet Tracer - Configure Extended IPv4 ACLs - Scenario 2.pka,PKA,ccna-lap-s2\5.4.13 Packet Tracer - Configure Extended IPv4 ACLs - Scenario 2.pka,698296,DC3250E9899F2059052F31A11A37629F6B3EB29FA8E09B5E8A930B85D2224512
14,14-NAT-va-PAT,6.2.7 Packet Tracer - Investigate NAT Operation.pka,PKA,ccna-lap-s2\6.2.7 Packet Tracer - Investigate NAT Operation.pka,1182908,320CE981D704CAD96774F1C80728EC744DB93814B457B48905BBCCA125200C1A
14,14-NAT-va-PAT,6.4.5 Packet Tracer - Configure Static NAT.pka,PKA,ccna-lap-s2\6.4.5 Packet Tracer - Configure Static NAT.pka,614503,341A4E6B7668DF1DFE7548BBE9837DFDC5F3B0A506AC1A008AFA3F968E1207F0
14,14-NAT-va-PAT,6.5.6 Packet Tracer - Configure Dynamic NAT.pka,PKA,ccna-lap-s2\6.5.6 Packet Tracer - Configure Dynamic NAT.pka,653425,AA02714749C243B41F518E1D0735074956835C7A28EBBAFF43F5E5F7A0CFB628
14,14-NAT-va-PAT,6.6.7 Packet Tracer - Configure PAT.pka,PKA,ccna-lap-s2\6.6.7 Packet Tracer - Configure PAT.pka,595436,B8C949C0366ADE77E95384367B62E9228842CBBB9E738316158211A0B99BE97A
14,14-NAT-va-PAT,6.8.1 Packet Tracer - Configure NAT for IPv4.pka,PKA,ccna-lap-s2\6.8.1 Packet Tracer - Configure NAT for IPv4.pka,1164402,5C7CDF228B00FBBF58A3FAFE570410929B7CED239D75CDA97324AD17ED492D39
14,14-NAT-va-PAT,Dynamic_nat.pkt,PKT,ccna-lap-s2\Dynamic_nat.pkt,101906,C191789478A1509E67AC26860A4BB7714550F8F3A6BC8067BD71FD8D0A7BBFBB
14,14-NAT-va-PAT,nat_port.pkt,PKT,ccna-lap-s2\nat_port.pkt,102086,3DBED46247267620FF5807D29A2B6A431DFA405350FB7704C4CA6DB601A5B969
14,14-NAT-va-PAT,static_nat.pkt,PKT,ccna-lap-s2\static_nat.pkt,75363,39895214ECFC439F2209823F39291DF3B1D1F22BC8D8B66BACFA303251F71780
15,15-Wireless-WLAN,13.1.10 Packet Tracer - Configure a Wireless Network.pka,PKA,S2_SRWE v7 Packet Tracer Activity Source Files\13.1.10 Packet Tracer - Configure a Wireless Network.pka,734354,126DCAC9560F32E498665083F38EA5700AB3F0BA34AC6968AD31CD3E9578D97E
15,15-Wireless-WLAN,13.2.7 Packet Tracer - Configure a Basic WLAN on the WLC.pka,PKA,S2_SRWE v7 Packet Tracer Activity Source Files\13.2.7 Packet Tracer - Configure a Basic WLAN on the WLC.pka,330146,61B96BD14CDFF79F92688AF4064D2E809459A7902344EEFEDE610A902A1EFD5E
15,15-Wireless-WLAN,13.3.12 Packet Tracer - Configure a WPA2 Enterprise WLAN on the WLC.pka,PKA,S2_SRWE v7 Packet Tracer Activity Source Files\13.3.12 Packet Tracer - Configure a WPA2 Enterprise WLAN on the WLC.pka,333279,10FEF903B32938485ED37E031AEE17131A1AD8177CC3030521B436AE92C0B9FE
15,15-Wireless-WLAN,13.4.5 Packet Tracer - Troubleshoot WLAN Issues.pka,PKA,S2_SRWE v7 Packet Tracer Activity Source Files\13.4.5 Packet Tracer - Troubleshoot WLAN Issues.pka,642049,44276917D5E53E1177541FB6656D6B3094E0AC8A225A46C9315DB4AA7CB9B3C2
15,15-Wireless-WLAN,13.5.1 Packet Tracer - WLAN Configuration.pka,PKA,S2_SRWE v7 Packet Tracer Activity Source Files\13.5.1 Packet Tracer - WLAN Configuration.pka,635339,D6200144576A89620BB78311F1678F5B6F51B8FE413E4D6274C852999CEEAD73
16,16-Bao-mat-thiet-bi-va-Switch,1.3.6 Packet Tracer - Configure SSH.pka,PKA,S2_SRWE v7 Packet Tracer Activity Source Files\1.3.6 Packet Tracer - Configure SSH.pka,578560,6528668837506CF9716F0256908AA147E15745A8526108871EEF7FD6E91A21ED
16,16-Bao-mat-thiet-bi-va-Switch,11.1.10 Packet Tracer - Implement Port Security.pka,PKA,S2_SRWE v7 Packet Tracer Activity Source Files\11.1.10 Packet Tracer - Implement Port Security.pka,556855,55AD8C9B563969E6CDD4210DF83190C860DCDABC61A4D92F7897874C806059C9
16,16-Bao-mat-thiet-bi-va-Switch,11.6.1 Packet Tracer - Switch Security Configuration.pka,PKA,S2_SRWE v7 Packet Tracer Activity Source Files\11.6.1 Packet Tracer - Switch Security Configuration.pka,620953,B7E3AF8CE056F719A53AF506FCC2FD9C3313B805D04BC055A899775F120B010D
16,16-Bao-mat-thiet-bi-va-Switch,16.4.6 Packet Tracer - Configure Secure Passwords and SSH [ccna-lap-s2].pka,PKA,ccna-lap-s2\16.4.6 Packet Tracer - Configure Secure Passwords and SSH.pka,389442,B440F22FB70559FE3F1759AE5374CA46663F863167FB0C97B2EAAECA47E4BEF9
16,16-Bao-mat-thiet-bi-va-Switch,16.4.6 Packet Tracer - Configure Secure Passwords and SSH [S1_ITN v7 Packet Tracer Activity Source Files].pka,PKA,S1_ITN v7 Packet Tracer Activity Source Files\16.4.6 Packet Tracer - Configure Secure Passwords and SSH.pka,358649,98AD1627BAD7514176EB9C6311AD940E8E3038B3C0C59588EB7936431CE40B0F
16,16-Bao-mat-thiet-bi-va-Switch,16.5.1 Packet Tracer - Secure Network Devices.pka,PKA,S1_ITN v7 Packet Tracer Activity Source Files\16.5.1 Packet Tracer - Secure Network Devices.pka,257759,5E435AE75878FDDF1CCAB5369CCD2B114E9D6BD63F926BCA40B52C99E80C9A09
17,17-Quan-tri-mang,10.1.5 Packet Tracer - Use CDP to Map a Network.pka,PKA,ccna-lap-s3\10.1.5 Packet Tracer - Use CDP to Map a Network.pka,593128,2336166D3449D29CB77A7823E6D0A8C5B547AA9FD4CCD61583F0CB8E66DD216F
17,17-Quan-tri-mang,10.2.6  Packet Tracer - Use LLDP to Map a Network.pka,PKA,ccna-lap-s3\10.2.6  Packet Tracer - Use LLDP to Map a Network.pka,517787,B33628BCB0816B7F46E1F6BBF80E81E34F5A06F11056041BE7EB801EF7043067
17,17-Quan-tri-mang,10.3.4 Packet Tracer - Configure and Verify NTP.pka,PKA,ccna-lap-s3\10.3.4 Packet Tracer - Configure and Verify NTP.pka,528170,E877ECD64194053AC4024863F0CD2D4D3D8CD2376B6BB7A90817526AC1082BED
17,17-Quan-tri-mang,10.6.10 Packet Tracer - Back Up Configuration Files.pka,PKA,ccna-lap-s3\10.6.10 Packet Tracer - Back Up Configuration Files.pka,546990,69860AEF4AF432C4DE03E385FBB9C083D7022F9E5E25E4AD9DA1F5F5BF88BBEC
17,17-Quan-tri-mang,10.7.6 Packet Tracer - Use a TFTP Server to Upgrade a Cisco IOS Image.pka,PKA,ccna-lap-s3\10.7.6 Packet Tracer - Use a TFTP Server to Upgrade a Cisco IOS Image.pka,433205,565EA7E410E528CCA014E55338D7E974FE1015920A7016A82AC6073EEA8D79F5
17,17-Quan-tri-mang,"10.8.1 Packet Tracer - Configure CDP, LLDP, and NTP.pka",PKA,"ccna-lap-s3\10.8.1 Packet Tracer - Configure CDP, LLDP, and NTP.pka",563248,E42776378D1F588C15E60E24649D5911E325898DF2C5CAEEF1B52F826C535CB6
18,18-Kiem-tra-va-xu-ly-su-co,10.3.5 Packet Tracer - Troubleshoot Default Gateway Issues.pka,PKA,S1_ITN v7 Packet Tracer Activity Source Files\10.3.5 Packet Tracer - Troubleshoot Default Gateway Issues.pka,326441,B0651A317DD736C0FF4BD91C3B050E4F363890C589BD2E28A282DB82E23059EF
18,18-Kiem-tra-va-xu-ly-su-co,13.2.7 Packet Tracer - Use Ping and Traceroute to Test Network Connectivity.pka,PKA,S1_ITN v7 Packet Tracer Activity Source Files\13.2.7 Packet Tracer - Use Ping and Traceroute to Test Network Connectivity.pka,732091,F81F4B0E8E63A89EBCBE5D02A88A882BAA948A9E47C5B77524A8D6455E6BF64C
18,18-Kiem-tra-va-xu-ly-su-co,13.3.1 Packet Tracer - Use ICMP to Test and Correct Network Connectivity.pka,PKA,S1_ITN v7 Packet Tracer Activity Source Files\13.3.1 Packet Tracer - Use ICMP to Test and Correct Network Connectivity.pka,549226,3D1CA25FC30826C9EC974F94E444C123ADC2624813293C91E9EEB70972AD7E15
18,18-Kiem-tra-va-xu-ly-su-co,17.5.9 Packet Tracer - Interpret show Command Output.pka,PKA,S1_ITN v7 Packet Tracer Activity Source Files\17.5.9 Packet Tracer - Interpret show Command Output.pka,671420,41C21A974FF96ECAD22D3C982AF47D298F4294C4B9E2104E1C18C4376E408681
18,18-Kiem-tra-va-xu-ly-su-co,17.7.7 Packet Tracer - Troubleshoot Connectivity Issues.pka,PKA,S1_ITN v7 Packet Tracer Activity Source Files\17.7.7 Packet Tracer - Troubleshoot Connectivity Issues.pka,639683,68F30BB3A86784BC2EAEE6EDFA82AAD032E5A526BCD48B229112232EFBEEC37E
18,18-Kiem-tra-va-xu-ly-su-co,17.8.3 Packet Tracer - Troubleshooting Challenge.pka,PKA,S1_ITN v7 Packet Tracer Activity Source Files\17.8.3 Packet Tracer - Troubleshooting Challenge.pka,382479,ACD1E85F8C0B588123CA50F791943D9BF50F23EDAFF8BAEEF28C8BBC865DDD3C
19,19-WAN,7.6.1 Packet Tracer - WAN Concepts.pka,PKA,ccna-lap-s3\7.6.1 Packet Tracer - WAN Concepts.pka,1284301,CC69044E08E7D3774657770D21A1267EC7171146C319E04FF3A021F26AB83E09
20,20-Bai-tong-hop,1.6.1 Packet Tracer - Implement a Small Network.pka,PKA,S2_SRWE v7 Packet Tracer Activity Source Files\1.6.1 Packet Tracer - Implement a Small Network.pka,586731,FDF50838CADBDDA98E0EC446BA4E542401DDF600B967BC7786077C44E7066A7F
20,20-Bai-tong-hop,17.8.2 Packet Tracer - Skills Integration Challenge.pka,PKA,S1_ITN v7 Packet Tracer Activity Source Files\17.8.2 Packet Tracer - Skills Integration Challenge.pka,483426,6973148F5BFC0AF2DA360E722325FE7A3B8AF96AAF33056449061B4072C3A9CB
20,20-Bai-tong-hop,BaiTap_Cuoi_KyLop37 (1).pkt,PKT,ccna-lap-s3\BaiTap_Cuoi_KyLop37 (1).pkt,136448,B14FF908E93A531CF7B3BBA2DD11DEF26704721B7D24C6BBEB2A476B5009AA9E
